Date,Close/Last,Volume,Open,High,Low
2/22/2023,1841.5,137955,1843.7,1855,1831.9
2/21/2023,1842.5,205256,1850.5,1856.4,1839
2/17/2023,1850.2,161154,1845.7,1853.1,1827.7
2/16/2023,1851.8,163521,1846.5,1854.9,1836.6
2/15/2023,1845.3,165570,1865.1,1870.9,1839.3
2/14/2023,1865.4,209831,1864.1,1881.6,1852.5
2/13/2023,1863.5,127343,1876.7,1877.2,1860.8
2/10/2023,1874.5,150144,1873.5,1883.5,1863.5
2/9/2023,1878.5,177874,1888.3,1902.3,1870.2
2/8/2023,1890.7,126260,1885.1,1898.9,1881.4
2/7/2023,1884.8,172946,1880.3,1897.2,1877.5
2/6/2023,1879.5,158761,1878,1894,1873.2
2/3/2023,1876.6,296669,1926.3,1932.4,1874.5
2/2/2023,1930.8,242931,1967.1,1975.2,1925.6
2/1/2023,1942.8,205037,1944,1970.8,1936.1
1/31/2023,1945.3,189046,1938.6,1946.9,1915.5
1/30/2023,1939.2,134362,1944,1950.1,1936.2
1/27/2023,1945.6,142448,1945.8,1952.1,1933
1/26/2023,1946.7,127736,1965,1966.5,1935.1
1/25/2023,1959.4,81544,1955.2,1966.3,1937.5
1/24/2023,1952.2,82356,1948.9,1960.5,1935
1/23/2023,1945.4,55696,1948,1953.3,1929.2
1/20/2023,1928.2,161073,1933.7,1939,1922
1/19/2023,1923.9,204470,1907,1936.9,1902
1/18/2023,1907,209782,1911.1,1929.8,1898.6
1/17/2023,1909.9,253693,1923.8,1931.8,1906.2
1/13/2023,1921.7,226750,1898.8,1925.3,1895.1
1/12/2023,1898.8,243497,1879.7,1906.5,1872.4
1/11/2023,1878.9,201761,1881.3,1890.9,1870.9
1/10/2023,1876.5,150115,1875.7,1885.2,1872
1/9/2023,1877.8,183869,1872.8,1886.4,1869.3
1/6/2023,1869.7,208187,1835.9,1875.2,1835.2
1/5/2023,1840.6,177851,1861.2,1864.3,1829.9
1/4/2023,1859,193760,1845.2,1871.3,1842
1/3/2023,1846.1,206818,1831.8,1856.6,1831.3
12/30/2022,1826.2,103926,1821.8,1832.4,1819.8
12/29/2022,1826,103283,1812.3,1827.3,1811.2
12/28/2022,1815.8,110705,1822.4,1822.8,1804.2
12/27/2022,1823.1,156189,1808.2,1841.9,1808
12/23/2022,1804.2,100413,1801,1812.2,1798.9
12/22/2022,1795.3,168989,1823.8,1829.3,1792.7
12/21/2022,1823.9,103269,1827.9,1833.8,1821.3
12/20/2022,1825.4,191823,1796.8,1832.4,1793.7
12/19/2022,1797.7,84087,1801.6,1808.6,1793.2
12/16/2022,1800.2,126360,1786.9,1804.2,1783.9
12/15/2022,1787.8,179653,1818.7,1819.7,1782
12/14/2022,1818.7,140490,1822.6,1825.4,1806.2
12/13/2022,1825.5,222725,1792.3,1836.9,1791.8
12/12/2022,1792.3,105314,1808,1809.3,1789
12/9/2022,1810.7,145372,1801.9,1819,1800.1
12/8/2022,1801.5,111761,1799.5,1806.9,1793.2
12/7/2022,1798,149600,1783.3,1803.2,1780.5
12/6/2022,1782.4,123344,1780.8,1793.2,1779.1
12/5/2022,1781.3,175905,1810.5,1822.9,1778.1
12/2/2022,1809.6,177152,1817,1818.7,1791.8
12/1/2022,1815.2,219246,1783.1,1818.4,1782.9
11/30/2022,1759.9,183177,1763.4,1784.2,1758.2
11/29/2022,1763.7,125501,1754.6,1773.4,1752.9
11/28/2022,1755.3,126938,1771.1,1778.5,1753.3
11/25/2022,1768.8,62238,1765.2,1776,1760.6
11/23/2022,1760.4,72154,1755.6,1769.7,1733.5
11/22/2022,1754.8,57764,1755.4,1765.8,1752.4
11/21/2022,1754.6,64912,1766.6,1769.7,1748.8
11/18/2022,1769,29695,1777.6,1784.5,1764
11/17/2022,1763,164553,1777,1777.6,1756.6
11/16/2022,1775.8,191870,1782,1788.2,1773.4
11/15/2022,1774.7,276828,1774,1791.8,1770.2
11/14/2022,1774.2,184022,1769.4,1778.4,1755.8
11/11/2022,1774.2,182646,1758.3,1775.6,1750.3
11/10/2022,1753.7,284865,1709.7,1760.6,1705.5
11/9/2022,1715.8,221627,1715.2,1725.8,1705.1
11/8/2022,1716,276996,1678,1720.4,1667.1
11/7/2022,1680.5,170491,1678.6,1685.6,1670
11/4/2022,1685.7,279525,1631.7,1686.4,1631.1
11/3/2022,1637.7,241648,1639.1,1643.2,1618.3
11/2/2022,1651,215445,1651.4,1673.1,1637.4
11/1/2022,1636.4,193178,1636.1,1660.3,1633.6
10/31/2022,1648.3,124445,1647.2,1648.5,1634.5
10/28/2022,1648.3,186519,1667.2,1670.9,1640.7
10/27/2022,1668.8,180599,1668.8,1674.8,1658.5
10/26/2022,1669.2,183453,1657.7,1679.4,1653.8
10/25/2022,1658,178706,1654.5,1666.8,1641.2
10/24/2022,1654.1,167448,1662.9,1675.5,1648
10/21/2022,1656.3,265985,1632.4,1663.1,1621.1
10/20/2022,1636.8,159797,1634.6,1650.3,1626.3
10/19/2022,1634.2,172551,1657.2,1659.8,1632.2
10/18/2022,1655.5,N/A,1655.5,1655.5,1655.5
10/17/2022,1664,144374,1649.9,1674.3,1649.1
10/14/2022,1672.9,N/A,1672.9,1672.9,1672.9
10/13/2022,1672.9,N/A,1672.9,1672.9,1672.9
10/12/2022,1677.5,127689,1673.4,1685.1,1668
10/11/2022,1686,166065,1675.6,1691.3,1667.5
10/10/2022,1675.2,152626,1703.4,1707.4,1672.5
10/7/2022,1709.3,153813,1721,1722.8,1698.4
10/6/2022,1720.9,134333,1725.5,1734.2,1714.8
10/5/2022,1720.8,168000,1734.4,1736.6,1708.8
10/4/2022,1730.5,199426,1708.4,1738.7,1704
10/3/2022,1702,207858,1670.5,1710.4,1666.5
9/30/2022,1672,173144,1669.5,1684.4,1667.5
9/29/2022,1668.6,196633,1669,1673.1,1649.3
9/28/2022,1670,270952,1636.5,1671.6,1622.2
9/27/2022,1636.2,192565,1629.2,1650.1,1628.7
9/26/2022,1633.4,213873,1651,1657.2,1627.7
9/23/2022,1655.6,236570,1680.1,1685,1646.6
9/22/2022,1681.1,232407,1682.8,1693.5,1663.3
9/21/2022,1675.7,221902,1673.2,1696.9,1661.3
9/20/2022,1671.1,140765,1684.9,1688.8,1668.1
9/19/2022,1678.2,138336,1685.4,1688.8,1667.6
9/16/2022,1683.5,209506,1673.7,1689.9,1661.9
9/15/2022,1677.3,257001,1707.2,1707.8,1668.9
9/14/2022,1709.1,159797,1711.6,1717.3,1703.3
9/13/2022,1717.4,228966,1736,1742.9,1706.7
9/12/2022,1740.6,152588,1728.4,1746.4,1722.3
9/9/2022,1728.6,151576,1719.6,1740.5,1719.4
9/8/2022,1720.2,182302,1729.5,1739.4,1713.7
9/7/2022,1727.8,169690,1712.9,1731.2,1701.7
9/6/2022,1712.9,202021,1724.2,1737.4,1710.6
9/2/2022,1722.6,171140,1707.8,1729.5,1705.9
9/1/2022,1709.3,192532,1723,1723,1699.1
8/31/2022,1726.2,169549,1735.5,1738,1720.6
8/30/2022,1736.3,126018,1749.8,1752.8,1732.9
8/29/2022,1749.7,151838,1748.4,1757.9,1731.4
8/26/2022,1749.8,169654,1771.8,1772.3,1746.2
8/25/2022,1771.4,114539,1764.4,1778.8,1763
8/24/2022,1761.5,111405,1761.3,1769.5,1754.8
8/23/2022,1761.2,140603,1750,1767.5,1743.1
8/22/2022,1748.4,137883,1760.6,1762.1,1740.2
8/19/2022,1762.9,133714,1773.1,1773.3,1759.1
8/18/2022,1771.2,119686,1777.1,1786.3,1768.8
8/17/2022,1776.7,134521,1790.8,1796.6,1773.9
8/16/2022,1789.7,90514,1795.5,1798,1785.4
8/15/2022,1798.1,134361,1818.9,1818.9,1787.6
8/12/2022,1815.5,114600,1805.2,1819.1,1799.6
8/11/2022,1807.2,115221,1807.9,1814.9,1798.6
8/10/2022,1813.7,151584,1811.5,1824.6,1803.3
8/9/2022,1812.3,117689,1805.5,1817,1799.4
8/8/2022,1805.2,101477,1790.3,1806.4,1786.9
8/5/2022,1791.2,164173,1807.7,1811.6,1780.2
8/4/2022,1806.9,146208,1782.1,1812,1779.4
8/3/2022,1776.4,147085,1777.3,1789.4,1770
8/2/2022,1789.7,169496,1789.2,1805,1776
8/1/2022,1787.7,131463,1782.5,1792.5,1774.3
7/29/2022,1781.8,136893,1773.1,1784.6,1768.4
7/28/2022,1769.2,186813,1751.4,1774.4,1750.4
7/27/2022,1737.5,114058,1733.1,1758.2,1727
7/26/2022,1735.7,84467,1735.9,1744.3,1729.6
7/25/2022,1737.1,73873,1744,1752.5,1730.9
7/22/2022,1745.3,70482,1735.3,1755.9,1729.8
7/21/2022,1731.3,56532,1711.5,1737.3,1696.1
7/20/2022,1717.7,47329,1727,1730.4,1707.8
7/19/2022,1728.1,23419,1725.2,1734.2,1720.7
7/18/2022,1710.2,144409,1706.4,1722,1704.4
7/15/2022,1703.6,172240,1708.2,1714.2,1696.6
7/14/2022,1705.8,242301,1733.6,1734.8,1695
7/13/2022,1735.5,269477,1723.6,1744.3,1704.5
7/12/2022,1724.8,230448,1731.3,1742.2,1721.6
7/11/2022,1731.7,151802,1741.5,1743,1729
7/8/2022,1742.3,166939,1738.7,1751.7,1726
7/7/2022,1739.7,143028,1737.2,1748.2,1734.7
7/6/2022,1736.5,249079,1764.2,1771.5,1730.7
7/5/2022,1763.9,293094,1814.4,1815.2,1763
7/1/2022,1801.5,238651,1808.1,1813.6,1783.4
6/30/2022,1807.3,196788,1819.2,1826.8,1802.5
6/29/2022,1817.5,147761,1821.4,1834.9,1810.7
6/28/2022,1821.2,103812,1823.6,1830.9,1819.1
6/27/2022,1824.8,135496,1839.6,1842.8,1821.8
6/24/2022,1830.3,134283,1824.2,1833.7,1817.7
6/23/2022,1829.8,159259,1839.7,1829.1,1824
6/22/2022,1838.4,142428,1834.9,1850.3,1824.5
6/21/2022,1838.8,171831,1840.6,1848.4,1830.7
6/17/2022,1840.6,137967,1859.3,1861.5,1836.1
6/16/2022,1849.9,173720,1835.8,1860.2,1816.3
6/15/2022,1819.6,198265,1809.7,1845.4,1808.4
6/14/2022,1813.5,155376,1820.9,1833.3,1806.1
6/13/2022,1831.8,243512,1879,1882.5,1819
6/10/2022,1875.5,258683,1850.4,1879.6,1826.5
6/9/2022,1852.8,123946,1855.1,1857.8,1841.9
6/8/2022,1856.5,110022,1855,1862.4,1846.6
6/7/2022,1852.1,115125,1843.5,1858.2,1838.5
6/6/2022,1843.7,95742,1853.7,1861.2,1843
6/3/2022,1850.2,110502,1872.6,1878.6,1849.7
6/2/2022,1871.4,123196,1849.9,1874.4,1846.5
6/1/2022,1848.7,152568,1840,1853,1830.2
5/31/2022,1848.4,191376,1856.5,1867.9,1837.6
5/27/2022,1857.3,119997,1855.1,1866.9,1851.9
5/26/2022,1853.9,88345,1857.9,1859,1842.5
5/25/2022,1852.5,95996,1871.2,1872.7,1845
5/24/2022,1871.4,69225,1858.6,1875,1853.9
5/23/2022,1853.9,57586,1850.9,1870.4,1849.7
5/20/2022,1848.4,40522,1847.4,1854,1837.3
5/19/2022,1847.8,36782,1821.3,1854.5,1814.9
5/18/2022,1822.4,33301,1820.2,1829.3,1811.7
5/17/2022,1818.9,134758,1823.9,1834.8,1811
5/16/2022,1814,156521,1809.4,1826,1785
5/13/2022,1808.2,172127,1821.4,1827.6,1797.2
5/12/2022,1824.6,230455,1852.3,1858.8,1820.1
5/11/2022,1853.7,219335,1836.6,1857.8,1830.6
5/10/2022,1841,235122,1853.9,1864.7,1834.5
5/9/2022,1858.6,194520,1883.7,1885.6,1851
5/6/2022,1882.8,165627,1877.5,1894,1865
5/5/2022,1875.7,212206,1884.1,1910.7,1872.3
5/4/2022,1868.8,155972,1868.3,1892,1861.1
5/3/2022,1870.6,161150,1863.6,1878.4,1849.7
5/2/2022,1863.6,186052,1896.2,1900.4,1853.4
4/29/2022,1911.7,169590,1895.8,1921.3,1893.5
4/28/2022,1891.3,166979,1886.8,1897.8,1870.9
4/27/2022,1888.7,168759,1907.4,1908.1,1881.6
4/26/2022,1904.1,159198,1899.8,1912.2,1896.3
4/25/2022,1896,222175,1931.9,1935.5,1891.8
4/22/2022,1934.3,172335,1953.1,1957.8,1928
4/21/2022,1948.2,149700,1960,1960.1,1938
4/20/2022,1955.6,136017,1952.7,1960.9,1941
4/19/2022,1959,176033,1981.2,1985.1,1945.5
4/18/2022,1986.4,135491,1978.5,2003,1974.4
4/14/2022,1974.9,136906,1981.6,1984,1962.7
4/13/2022,1984.7,128353,1970.5,1985.8,1966.3
4/12/2022,1976.1,167267,1957.4,1982.7,1953
4/11/2022,1948.2,179115,1949.6,1974.6,1942.9
4/8/2022,1945.6,138521,1934.3,1952.2,1930.4
4/7/2022,1937.8,119672,1928.1,1941.7,1923.3
4/6/2022,1923.1,149065,1927.6,1937.6,1916.2
4/5/2022,1927.5,142736,1937.3,1948.9,1920.9
4/4/2022,1934,106062,1927.1,1941.6,1918.2
4/1/2022,1923.7,129770,1942.4,1944.5,1921.4
3/31/2022,1954,143756,1937.3,1955,1923
3/30/2022,1939,133201,1924,1943.4,1920.1
3/29/2022,1918,207331,1927.2,1934.4,1893.2
3/28/2022,1944.7,106563,1962.5,1965.2,1920.7
3/25/2022,1959.8,60137,1963.2,1970.4,1948.2
3/24/2022,1967.7,65218,1948.9,1972.5,1942.9
3/23/2022,1942.6,48141,1926.3,1953.9,1920.7
3/22/2022,1926.7,46165,1941,1944.7,1915.5
3/21/2022,1934.8,46403,1927.4,1947.2,1922.2
3/18/2022,1933.9,34050,1947.9,1950.9,1922.7
3/17/2022,1948.2,32640,1933.4,1955.6,1929
3/16/2022,1909.2,188471,1920.1,1930.1,1895.2
3/15/2022,1929.7,208752,1953.7,1956.9,1908.1
3/14/2022,1960.8,146870,1988.7,1994.8,1952
3/11/2022,1985,234258,2000.3,2004,1960.6
3/10/2022,2000.4,279944,1992.8,2015.1,1975
3/9/2022,1988.2,329822,2060.2,2068.5,1981
3/8/2022,2043.3,413624,2001,2078.8,1985.8
3/7/2022,1995.9,345526,1978.5,2007.5,1964.2
3/4/2022,1966.6,228205,1938.5,1974.9,1931.5
3/3/2022,1935.9,170994,1931.7,1944.6,1923.1
3/2/2022,1922.3,221028,1945.3,1951.4,1916
3/1/2022,1943.8,215091,1908.4,1952.6,1903
2/28/2022,1900.7,239416,1921,1935.2,1892.2
2/25/2022,1887.6,220963,1906.5,1925,1884.4
2/24/2022,1926.3,409954,1911.9,1976.5,1878.6
2/23/2022,1910.4,151417,1901.2,1912.9,1891.1
2/22/2022,1907.4,323210,1903.5,1918.3,1889.7
2/18/2022,1899.8,155484,1901.4,1905,1888
2/17/2022,1902,251680,1872,1904,1869.7
2/16/2022,1871.5,136348,1855.5,1874.6,1851.8
2/15/2022,1856.2,208428,1873.8,1881.6,1845.4
2/14/2022,1869.4,220292,1862.2,1876.5,1851.9
2/11/2022,1842.1,232425,1827,1867.4,1821.1
2/10/2022,1837.4,221886,1834,1843.3,1821.8
2/9/2022,1836.6,128735,1827,1837.1,1825.5
2/8/2022,1827.9,138151,1821.5,1829.9,1816
2/7/2022,1821.8,137112,1808,1824.6,1807.5
2/4/2022,1807.8,175521,1805.4,1815.8,1792.1
2/3/2022,1804.1,168783,1807.4,1809.5,1788.5
2/2/2022,1810.3,120057,1800.8,1812,1794.6
2/1/2022,1801.5,125228,1798.9,1809.7,1796.2
1/31/2022,1796.4,134623,1792.8,1800.9,1785.8
1/28/2022,1786.6,211839,1799.6,1800.3,1780.6
1/27/2022,1795,198030,1821.4,1823.8,1792.7
1/26/2022,1832,146441,1850.7,1852.6,1816.4
1/25/2022,1855,71595,1846,1856.7,1836.8
1/24/2022,1844.2,100586,1838.3,1847.2,1831.9
1/21/2022,1834.1,66596,1842.6,1845.8,1830.6
1/20/2022,1844.9,78202,1842.9,1850.8,1838.4
1/19/2022,1845.5,84788,1816.4,1846.1,1811.6
1/18/2022,1812.4,347305,1818.7,1822.9,1804.7
1/14/2022,1816.5,164913,1822.1,1829.3,1814.2
1/13/2022,1821.4,197305,1825.7,1828.3,1811.8
1/12/2022,1827.3,173549,1821.3,1828.2,1814.4
1/11/2022,1818.5,165152,1801.3,1823.1,1799.7
1/10/2022,1798.8,153934,1796.4,1802,1789.3
1/7/2022,1797.4,218941,1791,1798.4,1781.3
1/6/2022,1789.2,233180,1810.6,1811.6,1785.4
1/5/2022,1825.1,167651,1815.2,1830.7,1808.2
1/4/2022,1814.6,162124,1801.1,1817.2,1798.1
1/3/2022,1800.1,163300,1830.1,1833,1798.2
12/31/2021,1828.6,101324,1817,1831.4,1815.4
12/30/2021,1814.1,110142,1805.6,1818.1,1796.2
12/29/2021,1805.8,135650,1806.6,1808,1789.1
12/28/2021,1810.9,97605,1812.1,1821.6,1805.5
12/27/2021,1808.8,80323,1810.2,1814.6,1803.6
12/23/2021,1811.7,101178,1805.6,1812,1799
12/22/2021,1802.2,107201,1789.4,1806.3,1785.8
12/21/2021,1788.7,131120,1791.4,1801.7,1785
12/20/2021,1794.6,104146,1800.2,1804.6,1789
12/17/2021,1804.9,152640,1801.5,1815.7,1796.5
12/16/2021,1798.2,164102,1777.9,1800.7,1775.7
12/15/2021,1764.5,158071,1771.9,1781.3,1753
12/14/2021,1772.3,148182,1787.6,1789.8,1766.1
12/13/2021,1788.3,103999,1784.2,1792.8,1782.2
12/10/2021,1784.8,140032,1776.3,1791,1770.4
12/9/2021,1776.7,121045,1784.3,1788.4,1773.3
12/8/2021,1785.5,106555,1785.1,1794.3,1780.1
12/7/2021,1784.7,124583,1779.5,1789.3,1772.4
12/6/2021,1779.5,99840,1787.7,1789,1776.4
12/3/2021,1783.9,170092,1769.4,1788,1766
12/2/2021,1762.7,164492,1783.8,1785.2,1762.2
12/1/2021,1784.3,172176,1777.4,1795.7,1773.7
11/30/2021,1776.5,234588,1786.9,1811.4,1771.2
11/29/2021,1785.2,145347,1795.2,1801.5,1782
11/26/2021,1788.1,173605,1792.3,1819.3,1781.6
11/24/2021,1786.9,101304,1792.3,1798.8,1780.2
11/23/2021,1786.3,146754,1808.7,1815.2,1784.3
11/22/2021,1809.1,136164,1850.7,1853,1805.3
11/19/2021,1854.3,61307,1863.8,1870.5,1847
11/18/2021,1864,48241,1871.7,1875.9,1859.4
11/17/2021,1872.8,30319,1854.5,1873.1,1853.8
11/16/2021,1854.1,212495,1864.9,1879.5,1851
11/15/2021,1866.6,208217,1872.6,1873,1858.5
11/12/2021,1868.5,192007,1864.3,1871.4,1847.5
11/11/2021,1863.9,178701,1851.5,1868.7,1845.1
11/10/2021,1848.3,323266,1834.5,1870.6,1823
11/9/2021,1830.8,202363,1826.9,1834.8,1821
11/8/2021,1828,180098,1820.6,1828.3,1813.8
11/5/2021,1816.8,276580,1792.6,1820.1,1785.3
11/4/2021,1793.5,213034,1769.9,1800.3,1769.3
11/3/2021,1763.9,248047,1789.2,1789.3,1758.5
11/2/2021,1789.4,141590,1794.8,1797.8,1787.4
11/1/2021,1795.8,140366,1785.3,1797.5,1780.2
10/29/2021,1783.9,248553,1801.5,1802.9,1772.4
10/28/2021,1802.6,216464,1798.7,1812.7,1793.1
10/27/2021,1798.8,180196,1795,1801,1784.3
10/26/2021,1793.4,195602,1808.7,1809.8,1783
10/25/2021,1806.8,148222,1794.2,1811.5,1793
10/22/2021,1796.3,301766,1783.7,1815.5,1783.4
10/21/2021,1781.9,136936,1782.5,1790.3,1776.8
10/20/2021,1784.9,171291,1769.4,1789.6,1767.1
10/19/2021,1770.5,163590,1764.8,1786,1763.4
10/18/2021,1765.7,151275,1767.5,1772.5,1760.3
10/15/2021,1768.3,199306,1797.3,1797.7,1765.1
10/14/2021,1797.9,160575,1793.6,1801.9,1787.6
10/13/2021,1794.7,292440,1760.4,1797.4,1757.9
10/12/2021,1759.3,165367,1753.6,1770,1750.5
10/11/2021,1755.7,113114,1757.4,1761.1,1749.9
10/8/2021,1757.4,234810,1757,1782.4,1753.6
10/7/2021,1759.2,143881,1763.8,1767.7,1752
10/6/2021,1761.8,156675,1760.5,1765.9,1745.4
10/5/2021,1760.9,150083,1770.8,1771.1,1748.6
10/4/2021,1767.6,163944,1762.6,1771.5,1747.7
10/1/2021,1758.4,148890,1757.2,1765.2,1749.9
9/30/2021,1757,237967,1726,1765,1721.8
9/29/2021,1722.9,175420,1734,1746,1721.1
9/28/2021,1737.5,211821,1750,1754.3,1727.8
9/27/2021,1752,135811,1751.8,1760.9,1744.7
9/24/2021,1751.7,147736,1743.7,1758,1740.2
9/23/2021,1749.8,220098,1769.2,1777.1,1737.5
9/22/2021,1778.8,169937,1775,1788.4,1764.6
9/21/2021,1778.2,139900,1765.5,1782.8,1758.3
9/20/2021,1763.8,150573,1754.2,1768.4,1742.3
9/17/2021,1751.4,180673,1754.6,1767.8,1747.1
9/16/2021,1756.7,243613,1795.5,1797.3,1745.5
9/15/2021,1794.8,137513,1806.6,1808.5,1791.7
9/14/2021,1807.1,193835,1794.8,1810.6,1780.6
9/13/2021,1794.4,110870,1789.8,1800.2,1784.4
9/10/2021,1792.1,134148,1796.2,1806,1788.2
9/9/2021,1800,152037,1790.9,1803.4,1785.1
9/8/2021,1793.5,158104,1796.1,1804.4,1783.1
9/7/2021,1798.5,248598,1833.5,1833.5,1793.7
9/3/2021,1833.7,181932,1811.5,1836.9,1810.9
9/2/2021,1811.5,111099,1816.2,1819.6,1806.5
9/1/2021,1816,138802,1816.7,1822.7,1810.6
8/31/2021,1818.1,162209,1812.2,1821.9,1803.4
8/30/2021,1812.2,102579,1821.6,1826.5,1810
8/27/2021,1819.5,198760,1795.2,1821.9,1785.2
8/26/2021,1795.2,131078,1793,1800.4,1781.3
8/25/2021,1791,160525,1805.1,1805.3,1784
8/24/2021,1808.5,112953,1807.6,1812.2,1802.6
8/23/2021,1806.3,150238,1781.2,1809.1,1778
8/20/2021,1784,106495,1782.8,1791,1780
8/19/2021,1783.1,147534,1789.5,1795,1774.6
8/18/2021,1784.4,131190,1787.8,1795.7,1778.8
8/17/2021,1787.8,142476,1789.1,1797.6,1782.1
8/16/2021,1789.8,133821,1780.9,1791.3,1772
8/13/2021,1778.2,140689,1754.4,1781.9,1753
8/12/2021,1751.8,133990,1752.9,1759.6,1742.6
8/11/2021,1753.3,181306,1730.4,1756.7,1724.6
8/10/2021,1731.7,178253,1732,1739.4,1718.5
8/9/2021,1726.5,282388,1765,1765.7,1677.9
8/6/2021,1763.1,305778,1806.7,1807,1759.5
8/5/2021,1808.9,166287,1814.9,1817.9,1799.7
8/4/2021,1814.5,237140,1813.7,1835.9,1808.3
8/3/2021,1814.1,101460,1816.8,1818.2,1809.5
8/2/2021,1822.2,157414,1817,1823.2,1808.2
7/30/2021,1817.2,152236,1832.5,1835.5,1813.1
7/29/2021,1835.8,204918,1811.5,1837.5,1810.9
7/28/2021,1804.6,195298,1802.4,1813.9,1795.6
7/27/2021,1804,76707,1801.5,1809.5,1796.9
7/26/2021,1803.4,81390,1806.4,1816.1,1800.2
7/23/2021,1805.9,88214,1811.5,1814.5,1793.1
7/22/2021,1809.2,53343,1807.8,1812.3,1796
7/21/2021,1807.4,64012,1814.7,1818.1,1798.3
7/20/2021,1811.4,216747,1813.5,1825.9,1805.2
7/19/2021,1809.2,247651,1811.6,1818,1795
7/16/2021,1815,181535,1830.7,1832.7,1809.5
7/15/2021,1829,168788,1828.7,1835,1820.6
7/14/2021,1825,204998,1808.3,1831.1,1804.9
7/13/2021,1809.9,227638,1806.7,1818,1798.7
7/12/2021,1805.9,188154,1808.5,1811,1791
7/9/2021,1810.6,172928,1803.2,1813,1796.6
7/8/2021,1800.2,234021,1803.8,1819.5,1793.5
7/7/2021,1802.1,168050,1797,1810.2,1794.1
7/6/2021,1794.2,273015,1787.5,1815.7,1784.7
7/2/2021,1783.3,202365,1777.5,1795.9,1774.4
7/1/2021,1776.8,167260,1770.8,1783.4,1765.9
6/30/2021,1771.6,169111,1761.9,1774.7,1753.2
6/29/2021,1763.6,232701,1778.8,1779.2,1750.1
6/28/2021,1780.7,158467,1782,1786.1,1770.4
6/25/2021,1777.8,158121,1775.7,1791,1773.6
6/24/2021,1776.7,148872,1778.2,1788.6,1772.7
6/23/2021,1783.4,175084,1779.1,1795.6,1773.1
6/22/2021,1777.4,167293,1783.2,1790.1,1771.2
6/21/2021,1782.9,187249,1764.3,1786.9,1764.1
6/18/2021,1769,254641,1773.9,1797.9,1761.2
6/17/2021,1774.8,372368,1812.3,1826.4,1767.9
6/16/2021,1861.4,228605,1861,1866,1804.4
6/15/2021,1856.4,152410,1867.8,1870.9,1853
6/14/2021,1865.9,235708,1879.6,1879.7,1845.7
6/11/2021,1879.6,213681,1901.9,1906.2,1876.1
6/10/2021,1896.4,244698,1891.4,1903,1871.8
6/9/2021,1895.5,143891,1894.4,1901.7,1889.3
6/8/2021,1894.4,170166,1901.6,1906.9,1885.7
6/7/2021,1898.8,142315,1894.3,1902.9,1883.7
6/4/2021,1892,224522,1872.7,1894.6,1891.6
6/3/2021,1873.3,269228,1910.5,1876,1872.2
6/2/2021,1909.9,160414,1903,1911.8,1896.4
6/1/2021,1905,283146,1901.8,1903,1901.6
5/28/2021,1905.3,194069,1899.8,1908.8,1884.3
5/27/2021,1898.5,203605,1899.3,1901.6,1898.9
5/26/2021,1903.8,172696,1902.4,1915.6,1893
5/25/2021,1900.5,174389,1883.4,1903.7,1900
5/24/2021,1886.7,51824,1885.6,1890,1877.9
5/21/2021,1878.9,51799,1880.4,1892.3,1872.5
5/20/2021,1883.9,43110,1872.2,1887.2,1866.2
5/19/2021,1881.5,387547,1870.2,1874,1862
5/18/2021,1868,219676,1867.3,1870.6,1868.8
5/17/2021,1867.6,260925,1845.9,1867.9,1866.2
5/14/2021,1838.1,222090,1826.4,1847.1,1819
5/13/2021,1824,238443,1816.2,1829.1,1808.4
5/12/2021,1822.8,323911,1838.2,1844.7,1813
5/11/2021,1836.1,294462,1836.2,1839.2,1837.3
5/10/2021,1837.6,254657,1835.4,1846.3,1830.5
5/7/2021,1831.3,332450,1815.4,1833.4,1830.6
5/6/2021,1815.7,277680,1787,1816.5,1813
5/5/2021,1784.3,176172,1778.4,1788.1,1785.4
5/4/2021,1776,225083,1793.2,1799.5,1769.2
5/3/2021,1791.8,198798,1768.1,1794.1,1790.8
4/30/2021,1767.7,160763,1772.4,1770,1764.9
4/29/2021,1768.3,222795,1781.9,1774.5,1771.3
4/28/2021,1773.9,190626,1776.4,1782.7,1761.8
4/27/2021,1778.8,140469,1781.1,1785.9,1773.9
4/26/2021,1780.1,136847,1776.1,1782.4,1780.3
4/23/2021,1777.8,171772,1784,1796.3,1769.5
4/22/2021,1782,160685,1794.5,1784.8,1778.7
4/21/2021,1793.1,171089,1779.1,1795.9,1790.5
4/20/2021,1778.4,165014,1770.5,1780.8,1763.5
4/19/2021,1770.6,178114,1778.8,1790.4,1766.6
4/16/2021,1780.2,167944,1764.8,1784.7,1760.3
4/15/2021,1766.8,193552,1736.6,1766.2,1763.6
4/14/2021,1736.3,141968,1746.4,1737.4,1736.1
4/13/2021,1747.6,170934,1732.2,1748.1,1744.6
4/12/2021,1732.7,122724,1744.5,1733.7,1727
4/9/2021,1744.8,165011,1756.5,1758.2,1730.8
4/8/2021,1758.2,140648,1738.6,1759.4,1733.6
4/7/2021,1741.6,118174,1744.4,1744.1,1736
4/6/2021,1743,148878,1729.2,1745.5,1742.2
4/5/2021,1728.8,100575,1730,1734.4,1721.6
4/1/2021,1728.4,166688,1709,1732,1706.4
3/31/2021,1715.6,205346,1685.9,1716.3,1677.3
3/30/2021,1686,218812,1713,1714.8,1678.3
3/29/2021,1714.6,171876,1732.4,1734.8,1705.6
3/26/2021,1734.7,98882,1727.5,1737.9,1721.2
3/25/2021,1727.3,73549,1736,1732.2,1722.5
3/24/2021,1735.5,68820,1728.2,1739.9,1724.8
3/23/2021,1727.5,62567,1741.2,1729.3,1727.7
3/22/2021,1740.4,36260,1747.5,1749.2,1728.6
3/19/2021,1743.9,36859,1736.3,1748.2,1729.3
3/18/2021,1734.6,18942,1745.9,1756,1719.1
3/17/2021,1727.1,214084,1730,1750.6,1722
3/16/2021,1730.9,170463,1730.7,1740.5,1724.4
3/15/2021,1729.2,158839,1726.5,1733.2,1719.2
3/12/2021,1719.8,222995,1720.5,1728,1696.6
3/11/2021,1722.6,197168,1725,1738,1716.8
3/10/2021,1721.8,213679,1714.5,1725.3,1705.6
3/9/2021,1716.9,233565,1679.3,1718.7,1676.7
3/8/2021,1678,258100,1701.6,1712,1673.3
3/5/2021,1698.5,254927,1695.3,1705.7,1683
3/4/2021,1700.7,271077,1708.4,1721.6,1687.6
3/3/2021,1715.8,251741,1736.5,1739.1,1699.4
3/2/2021,1733.6,230514,1722.8,1737.8,1704.6
3/1/2021,1723,238037,1732.8,1757.4,1717.2
2/26/2021,1728.8,351549,1770.9,1734.4,1725.5
2/25/2021,1775.4,309165,1804.9,1781.7,1763.9
2/24/2021,1797.9,220240,1805,1813,1782.2
2/23/2021,1805.9,187078,1809.3,1815.2,1794.5
2/22/2021,1808.4,216129,1782,1812.4,1778.6
2/19/2021,1777.4,247288,1774.6,1790.9,1759
2/18/2021,1775,220586,1776,1775.8,1772.8
2/17/2021,1772.8,250909,1793.1,1779.9,1770.6
2/16/2021,1799,348000,1795,1796.1,1793
2/12/2021,1823.2,169671,1825.4,1825.1,1819.1
2/11/2021,1826.8,143597,1844.3,1848.6,1821.7
2/10/2021,1842.7,173508,1838.3,1856.6,1834
2/9/2021,1837.5,151353,1832.4,1849.5,1830.3
2/8/2021,1834.2,171978,1818.1,1840.6,1807.3
2/5/2021,1813,202612,1794.3,1816,1792.2
2/4/2021,1791.2,269731,1834.5,1835.7,1784.6
2/3/2021,1835.1,134552,1838.5,1845.9,1830.1
2/2/2021,1833.4,226676,1863.6,1866.3,1830.4
2/1/2021,1863.9,237650,1865,1876,1851.7
1/29/2021,1850.3,269474,1845.6,1851.7,1843.8
1/28/2021,1841.2,270329,1847.2,1846.1,1843.1
1/27/2021,1848.9,163249,1854.3,1847.6,1841.5
1/26/2021,1854.8,89895,1858.7,1864.5,1851.1
1/25/2021,1859,86197,1858.6,1870.9,1850
1/22/2021,1859.9,74763,1874,1874.1,1839.7
1/21/2021,1869.3,47567,1875.6,1874.5,1870.8
1/20/2021,1870.2,51238,1843.2,1875.6,1865.8
1/19/2021,1840.2,324829,1828.8,1845,1800.8
1/15/2021,1829.9,224725,1847.3,1856.6,1822.1
1/14/2021,1851.4,242126,1845.6,1853.6,1843.4
1/13/2021,1854.9,203544,1855,1859.3,1841.6
1/12/2021,1844.2,225729,1845.4,1856.9,1854.3
1/11/2021,1850.8,253190,1849.4,1856,1817.1
1/8/2021,1835.4,422485,1915.2,1918.4,1827.8
1/7/2021,1913.6,192365,1921.5,1929.6,1907.5
1/6/2021,1908.6,356182,1952.8,1962.5,1902.6
1/5/2021,1954.4,192111,1946,1957,1938.4
1/4/2021,1946.6,261675,1908.2,1948.7,1906.1
12/31/2020,1895.1,127578,1899,1904.9,1889.1
12/30/2020,1893.4,128688,1881.8,1899,1879.5
12/29/2020,1882.9,145905,1878,1891.3,1875.6
12/28/2020,1880.4,194545,1887,1904.1,1873
12/24/2020,1883.2,87445,1877.3,1887.4,1873.1
12/23/2020,1878.1,157856,1865.6,1883.7,1860.9
12/22/2020,1870.3,173183,1883,1889.4,1863.7
12/21/2020,1882.8,226997,1892.9,1912,1859
12/18/2020,1888.9,149960,1891.3,1895.7,1881.9
12/17/2020,1890.4,213170,1868.4,1902,1865.9
12/16/2020,1859.1,196702,1857.7,1870,1848.2
12/15/2020,1855.3,169218,1830.5,1859.3,1828.5
12/14/2020,1832.1,166785,1845,1832.7,1828.1
12/11/2020,1843.6,150634,1840,1851.8,1826.8
12/10/2020,1837.4,162513,1843,1854.2,1831.5
12/9/2020,1838.5,216843,1875.4,1875.9,1828.2
12/8/2020,1874.9,147902,1866.1,1879.8,1863.9
12/7/2020,1866,204259,1841.1,1870.8,1862.1
12/4/2020,1840,167301,1844.7,1852.7,1832
12/3/2020,1841.1,177988,1833.9,1847.4,1826.7
12/2/2020,1830.2,182809,1819.1,1835.7,1828.2
12/1/2020,1818.9,197184,1780.3,1821.1,1778.4
11/30/2020,1780.9,235285,1790.8,1793.3,1767.2
11/27/2020,1788.1,277091,1812.1,1822.6,1776.5
11/25/2020,1811.2,121112,1812,1821.7,1804.7
11/24/2020,1810.9,125089,1842.6,1813.1,1807.4
11/23/2020,1844.1,106315,1875.9,1844.5,1839.6
11/20/2020,1872.4,180515,1864.8,1873.9,1868.7
11/19/2020,1861.5,217146,1872,1866.7,1862
11/18/2020,1873.9,203979,1879.5,1871.5,1868.2
11/17/2020,1885.1,155099,1888.2,1892.7,1876.3
11/16/2020,1887.8,217991,1886.6,1898,1861.5
11/13/2020,1886.2,158776,1875.6,1888.9,1885.3
11/12/2020,1873.3,199543,1863.9,1883,1860.7
11/11/2020,1861.6,201067,1876.1,1882.5,1853.9
11/10/2020,1876.4,243090,1864.1,1877.1,1870.9
11/9/2020,1854.4,475721,1956,1869.3,1861.2
11/6/2020,1951.7,233903,1950,1961.8,1937.2
11/5/2020,1946.8,288663,1903.4,1952.6,1948
11/4/2020,1896.2,284598,1910.3,1905.8,1897.8
11/3/2020,1910.4,166642,1896.4,1911.8,1906.9
11/2/2020,1892.5,161958,1877,1897.1,1873.3
10/30/2020,1879.9,207865,1867.9,1885.9,1875
10/29/2020,1868,219592,1877.5,1885.1,1859.2
10/28/2020,1879.2,289026,1909.8,1882.1,1875.7
10/27/2020,1911.9,149056,1904.4,1913.8,1898.7
10/26/2020,1905.7,161841,1906,1911.1,1892.5
10/23/2020,1905.2,168148,1906.5,1917.3,1895.2
10/22/2020,1904.6,208087,1927.4,1929.4,1894.2
10/21/2020,1929.5,194754,1911.6,1936,1911.6
10/20/2020,1915.4,160356,1906.4,1915.5,1909
10/19/2020,1911.7,155479,1903.2,1923.4,1900.2
10/16/2020,1906.4,144094,1912.7,1918.7,1901.1
10/15/2020,1908.9,205615,1906,1913.2,1892.7
10/14/2020,1907.3,185374,1895.4,1917.5,1885
10/13/2020,1894.6,260044,1927.3,1930.6,1889.3
10/12/2020,1928.9,155906,1935,1939.4,1923.8
10/9/2020,1926.2,224808,1898.4,1936.8,1898
10/8/2020,1895.1,179968,1890.6,1905.3,1885.3
10/7/2020,1890.8,183295,1882.6,1902.4,1877.1
10/6/2020,1908.8,172605,1917.8,1927,1902.9
10/5/2020,1920.1,176090,1910.9,1924.9,1902.5
10/2/2020,1907.6,209696,1911,1923.6,1895.2
10/1/2020,1916.3,257047,1891.2,1917.9,1890
9/30/2020,1895.5,256446,1903.2,1908.2,1885.8
9/29/2020,1903.2,213482,1886.4,1904.8,1880.8
9/28/2020,1882.3,232907,1862.7,1888.2,1851.1
9/25/2020,1866.3,226076,1872.7,1879.3,1854.1
9/24/2020,1876.9,338361,1866.9,1880.9,1851
9/23/2020,1868.4,402011,1905.1,1909.9,1856
9/22/2020,1907.6,279441,1918.1,1925.5,1898.9
9/21/2020,1910.6,380526,1957.3,1962.9,1885.4
9/18/2020,1962.1,174242,1951.1,1968.2,1951.1
9/17/2020,1949.9,263192,1967.6,1969.3,1938.2
9/16/2020,1970.5,287073,1961.4,1983.8,1957.2
9/15/2020,1966.2,232698,1966.2,1982.4,1955.6
9/14/2020,1963.7,196763,1948.9,1972.5,1945.2
9/11/2020,1947.9,202859,1953.8,1959,1945.7
9/10/2020,1964.3,268963,1955.3,1954.9,1949.9
9/9/2020,1954.9,224190,1939.4,1959.7,1926.3
9/8/2020,1943.2,412083,1938,1948.3,1911.7
9/4/2020,1934.3,300921,1938,1945.9,1923
9/3/2020,1937.8,300282,1948.9,1956.6,1927.2
9/2/2020,1944.7,326130,1976.8,1980.4,1938.9
9/1/2020,1978.9,300227,1973.7,2001.2,1969.2
8/31/2020,1978.6,242577,1973.9,1985.8,1962.3
8/28/2020,1974.9,329609,1937.5,1983,1928.2
8/27/2020,1932.6,461990,1963,1987,1914.7
8/26/2020,1952.5,338049,1939,1963.4,1908.4
8/25/2020,1923.1,271641,1935.9,1944.1,1919.1
8/24/2020,1939.2,284540,1947.9,1970.3,1930.8
8/21/2020,1947,352773,1955.6,1963.1,1916.6
8/20/2020,1946.5,378970,1934.4,1963.1,1928.9
8/19/2020,1970.3,440405,2010.5,2015.6,1930.5
8/18/2020,2013.1,358272,1993.6,2024.6,1985.2
8/17/2020,1998.7,285580,1956.4,2000.8,1939.1
8/14/2020,1949.8,237092,1963.8,1970,1939.1
8/13/2020,1970.4,346000,1927.3,1974.8,1923
8/12/2020,1949,450394,1921.6,1961,1874.2
8/11/2020,1946.3,556617,2038.4,2040.5,1911.3
8/10/2020,2039.7,248644,2044.8,2060.8,2027.8
8/7/2020,2028,391017,2076.4,2082.1,2024.8
8/6/2020,2069.4,307517,2055,2081.8,2049
8/5/2020,2049.3,361949,2037,2070.3,2027.5
8/4/2020,2021,269790,1993.5,2037.7,1982.6
8/3/2020,1986.3,176729,1997.4,2009.5,1975.2
7/31/2020,1985.9,275460,1973.6,2005.4,1971.4
7/30/2020,1966.8,268606,1986.4,1987.3,1952.3
7/29/2020,1976.7,191033,1971.9,1998.4,1955.7
7/28/2020,1963.9,154485,1963.2,2000,1927.5
7/27/2020,1955.4,127487,1929,1971.3,1926.8
7/24/2020,1897.5,288088,1884.9,1904.6,1880.5
7/23/2020,1890,400358,1871.6,1897.7,1863.1
7/22/2020,1865.1,376705,1842.8,1871.8,1842.1
7/21/2020,1843.9,265677,1819.6,1844.9,1817.2
7/20/2020,1817.4,173983,1812.3,1823.4,1806.6
7/17/2020,1810,162684,1796.9,1813.9,1795.2
7/16/2020,1800.3,190841,1813.1,1816.2,1794.1
7/15/2020,1813.8,179267,1811.1,1819.5,1804
7/14/2020,1813.4,235992,1810.9,1813.6,1809.6
7/13/2020,1814.1,218006,1803.4,1818.8,1802.1
7/10/2020,1801.9,208264,1808.4,1817,1796.5
7/9/2020,1803.8,265280,1818.8,1825.5,1799.6
7/8/2020,1820.6,232708,1807.9,1829.8,1803.8
7/7/2020,1809.9,217229,1793.9,1810.8,1781.2
7/6/2020,1793.5,140564,1787,1799,1779.2
7/2/2020,1790,181017,1779,1791.7,1766.3
7/1/2020,1779.9,258541,1798.9,1807.7,1767.9
6/30/2020,1800.5,190351,1799.2,1801.4,1795.5
6/29/2020,1781.2,128441,1789.2,1790.4,1776.5
6/26/2020,1780.3,195963,1774.8,1786.2,1754
6/25/2020,1770.6,148788,1772.3,1779.6,1764.1
6/24/2020,1775.1,230610,1784.4,1796.1,1770.6
6/23/2020,1782,190018,1764.9,1786.8,1758.3
6/22/2020,1766.4,219460,1765.8,1779,1753.5
6/19/2020,1753,174981,1729.8,1760.9,1728.3
6/18/2020,1731.1,152628,1735.5,1749.2,1722.7
6/17/2020,1735.6,137879,1735.3,1739.3,1717.3
6/16/2020,1736.5,177702,1732.3,1741.3,1721.8
6/15/2020,1727.2,195205,1740.7,1743.8,1706.2
6/12/2020,1737.3,148176,1733.6,1753,1728.2
6/11/2020,1739.8,202214,1746.6,1754.9,1727.5
6/10/2020,1720.7,195593,1718.9,1749.4,1714.1
6/9/2020,1721.9,178128,1703.9,1729.4,1697.6
6/8/2020,1705.1,151461,1686.7,1707.6,1680.7
6/5/2020,1683,267086,1720.8,1723.2,1671.7
6/4/2020,1727.4,193873,1702.8,1729,1698.9
6/3/2020,1704.8,249036,1733.7,1738.9,1690.3
6/2/2020,1734,172030,1750.3,1757,1728
6/1/2020,1750.3,142807,1749.8,1761,1737.6
5/29/2020,1736.9,1406,1718.8,1738.3,1715.1
5/28/2020,1728.3,159174,1725,1743.7,1720
5/27/2020,1726.8,156746,1724.1,1729.1,1701.6
5/26/2020,1728.2,146582,1746.3,1755.6,1721.2
5/22/2020,1734.6,6,1726.6,1726.7,1726.6
5/21/2020,1721.9,225941,1751.7,1751.7,1715.3
5/20/2020,1750.6,16,1751.6,1752.1,1745.6
5/19/2020,1745.6,181673,1734.8,1751.6,1727.2
5/18/2020,1734.4,264848,1757.5,1775.8,1729.3
5/15/2020,1753.4,719,1739.7,1751.4,1739.7
5/14/2020,1740.9,208601,1723.1,1746.5,1716
5/13/2020,1716.4,204533,1705,1726.5,1701.6
5/12/2020,1706.8,182675,1700,1716.7,1693.5
5/11/2020,1698,184455,1706,1713.8,1692.1
5/8/2020,1709.9,330,1726.2,1728.9,1703.8
5/7/2020,1725.8,233381,1686,1733.2,1683.9
5/6/2020,1688.5,196313,1714.1,1716.6,1683
5/5/2020,1710.6,179577,1711,1717.8,1695.4
5/4/2020,1713.3,146307,1711.2,1726,1700.3
5/1/2020,1694.5,337,1686.6,1701.5,1670.5
4/30/2020,1694.2,228730,1729.6,1737,1687.5
4/29/2020,1703.4,373,1710,1713.5,1702
4/28/2020,1722.2,166606,1724.4,1731.9,1704.1
4/27/2020,1723.8,142721,1745,1745.8,1720
4/24/2020,1723.5,221,1744,1744,1714.5
4/23/2020,1745.4,194495,1736.5,1764.2,1730.6
4/22/2020,1738.3,187864,1703.1,1742.4,1695.4
4/21/2020,1687.8,240743,1713.3,1718,1666.2
4/20/2020,1711.2,183636,1693,1718.4,1685
4/17/2020,1689.2,223,1715.7,1725,1684.9
4/16/2020,1731.7,199823,1743.5,1768,1722.6
4/15/2020,1740.2,181342,1758.1,1759.8,1731.6
4/14/2020,1768.9,234439,1761.5,1788.8,1747.1
4/13/2020,1744.8,696,1722,1756.8,1710.7
4/9/2020,1736.2,825,1662.7,1732.5,1662.7
4/8/2020,1684.3,121346,1678.7,1695.8,1670.7
4/7/2020,1683.7,194263,1707.1,1742.6,1672
4/6/2020,1677,1063,1629.1,1696.7,1625.9
4/3/2020,1633.7,643,1624.5,1636,1619.8
4/2/2020,1637.7,162151,1602.4,1645.6,1595.2
4/1/2020,1591.4,159377,1589.4,1612.4,1576
3/31/2020,1583.4,2694,1618.7,1621,1576
3/30/2020,1643.2,144290,1663.4,1673.6,1632
3/27/2020,1623.9,N/A,1623.9,1623.9,1623.9
3/26/2020,1660.3,134861,1642.2,1677.2,1612
3/25/2020,1634.3,104547,1665.5,1698,1609
3/24/2020,1660.2,442,1622.8,1685.5,1622.8
3/23/2020,1572.7,95848,1508.4,1574.8,1489.4
3/20/2020,1484,14,1483.5,1483.5,1483.5
3/19/2020,1479.3,306016,1487.2,1502.8,1460.1
3/18/2020,1477.9,412332,1527.6,1547,1473.3
3/17/2020,1524.9,122,1469.3,1537.7,1469.3
3/16/2020,1486.5,535860,1563.8,1574.8,1450.9
3/13/2020,1516.7,524471,1582.7,1597.9,1504
3/12/2020,1590.3,553457,1633.1,1651,1560.4
3/11/2020,1642.3,373462,1649.3,1671.8,1632.4
3/10/2020,1659.1,48,1671.6,1674.6,1643
3/9/2020,1675.7,467110,1692.6,1704.3,1658
3/6/2020,1672.4,619051,1673.1,1692.8,1642.4
3/5/2020,1666.4,154,1637.2,1672.9,1637.2
3/4/2020,1643,297251,1640.1,1654.3,1632.6
3/3/2020,1642.1,610,1594.5,1645.3,1594
3/2/2020,1592.3,537,1583.9,1608.3,1574.3
2/28/2020,1564.1,289,1640.3,1642.5,1564.8
2/27/2020,1642.5,560547,1658,1662.5,1636.7
2/26/2020,1643.1,515771,1640.8,1643.8,1640.3
2/25/2020,1650,654660,1647,1655.8,1627
2/24/2020,1676.6,655245,1674.2,1674.4,1652.8
2/21/2020,1644.6,186,1619.3,1645,1619.3
2/20/2020,1620.5,389144,1615,1626.5,1606.6
2/19/2020,1611.8,298536,1604.8,1615.9,1602.4
2/18/2020,1600,310,1587,1604.3,1579.8
2/14/2020,1582.7,68,1575.8,1582.4,1574.8
2/13/2020,1578.8,264293,1569.8,1581.7,1568.5
2/12/2020,1571.6,183410,1571.2,1573.6,1564.4
2/11/2020,1565.6,440,1570.9,1571.1,1561.9
2/10/2020,1579.5,186247,1575.8,1580.5,1571.5
2/7/2020,1568.6,431,1564.9,1571.9,1560.5
2/6/2020,1570,221612,1560,1571.9,1556
2/5/2020,1562.8,297418,1556.1,1566.2,1551.1
2/4/2020,1555.5,328192,1581.5,1584.5,1552.8
2/3/2020,1582.4,303458,1597.8,1598.5,1573.2
1/31/2020,1582.9,1095,1573.4,1589,1570
1/30/2020,1589.2,371286,1582.4,1590.7,1576.8
1/29/2020,1576,225389,1572,1583,1567.9
1/28/2020,1575.8,191039,1587.1,1588.5,1570.4
1/27/2020,1583.7,134423,1586.1,1594.7,1581.6
1/24/2020,1571.1,38,1556.3,1570.3,1556.3
1/23/2020,1571.6,65319,1564.7,1573.7,1557.5
1/22/2020,1556.7,276521,1557,1558.9,1555.2
1/21/2020,1556.4,45,1564.2,1566.2,1551
1/17/2020,1558.8,108,1554.1,1558,1553.6
1/16/2020,1550.5,253076,1556.6,1558.2,1548
1/15/2020,1554,297777,1546.8,1558.8,1546.5
1/14/2020,1544.6,323782,1548.6,1549.5,1536.4
1/13/2020,1550.6,296619,1563,1563.1,1547
1/10/2020,1557.5,16,1551.2,1558.8,1545.4
1/9/2020,1554.3,354523,1557.7,1562.4,1541
1/8/2020,1560.2,787217,1556.7,1563.8,1556.5
1/7/2020,1574.3,418145,1567.4,1579.2,1557
1/6/2020,1568.8,539023,1562.7,1590.9,1562.3
1/3/2020,1549.2,107,1530.1,1552.7,1530.1
1/2/2020,1528.1,257867,1521,1534,1519.7
12/31/2019,1519.5,301,1513.8,1523.4,1513.8
12/30/2019,1518.6,169813,1515.9,1519.1,1513.5
12/27/2019,1518.1,194736,1516.5,1519.9,1512.1
12/26/2019,1514.4,213592,1503.9,1517.4,1502.1
12/24/2019,1499.1,52,1488.7,1498.6,1488.7
12/23/2019,1488.7,155802,1482.4,1490.1,1481.2
12/20/2019,1474.7,118,1476.7,1478.1,1475.3
12/19/2019,1478.2,319,1475.9,1478.9,1473.3
12/18/2019,1478.7,190975,1480.4,1483.6,1474.3
12/17/2019,1480.6,167359,1480.6,1484.9,1478.4
12/16/2019,1480.5,160416,1480,1484.5,1477.4
12/13/2019,1475.6,468,1463.1,1475.9,1463.1
12/12/2019,1472.3,396657,1469.5,1474.9,1468.2
12/11/2019,1475,247053,1479.1,1479.9,1478.7
12/10/2019,1462.6,367,1460.7,1467.2,1460.7
12/9/2019,1464.9,163682,1464.1,1469.8,1463
12/6/2019,1459.1,899,1475,1476,1458.2
12/5/2019,1483.1,231844,1480,1485.7,1478
12/4/2019,1480.2,311909,1483.2,1489.9,1476.7
12/3/2019,1478.2,1460,1461.6,1480.4,1459.5
12/2/2019,1469.2,304242,1470.3,1471.7,1459.8
11/29/2019,1472.7,259290,1461.7,1472.9,1459.1
11/27/2019,1453.4,88164,1461.1,1461.9,1452
11/26/2019,1467.4,271754,1461.3,1470,1456.6
11/25/2019,1463.8,121238,1467.5,1468.9,1460.7
11/22/2019,1468.8,77902,1470.9,1480.3,1468.1
11/21/2019,1470.5,73979,1481.3,1482.7,1469.4
11/20/2019,1470,31,1472.6,1474.5,1467.3
11/19/2019,1473.3,18,1467.7,1474.3,1467.7
11/18/2019,1471.9,325033,1467.8,1474.4,1456.6
11/15/2019,1467.3,13,1469.1,1469.1,1469.1
11/14/2019,1473.4,312108,1464,1475.5,1461.7
11/13/2019,1463.3,335980,1463.5,1467.9,1462.8
11/12/2019,1452.1,6,1454.9,1454.9,1447.1
11/11/2019,1457.1,295394,1460,1467.4,1448.9
11/8/2019,1461.3,21,1469.1,1469.1,1461.7
11/7/2019,1464.2,581,1466.8,1473,1466.5
11/6/2019,1493.1,302400,1491.5,1495.9,1490.5
11/5/2019,1483.7,573018,1511.6,1511.9,1480.7
11/4/2019,1511.1,250475,1516.4,1517.1,1506.5
11/1/2019,1508,235,1511,1511.6,1503
10/31/2019,1514.8,375394,1498.8,1516.7,1496
10/30/2019,1493.2,320,1487.2,1495.4,1481
10/29/2019,1490.7,283038,1494,1494,1489.7
10/28/2019,1495.8,310472,1507.4,1510.8,1492.3
10/25/2019,1499.5,93,1501.4,1503.7,1499
10/24/2019,1504.7,290074,1495.1,1506.9,1490.4
10/23/2019,1495.7,235483,1491.1,1499.4,1490.7
10/22/2019,1487.5,200931,1487.5,1492.1,1484
10/21/2019,1488.1,272195,1495.6,1498.7,1484.8
10/18/2019,1488.2,82,1487.3,1489.1,1486.6
10/17/2019,1498.3,296546,1494.2,1501.1,1487
10/16/2019,1494,360083,1484.8,1495.5,1480.6
10/15/2019,1483.5,307105,1497.7,1503,1480.8
10/14/2019,1497.6,221049,1492,1501.5,1487.1
10/11/2019,1488.7,462693,1498.3,1508,1478
10/10/2019,1500.9,401849,1510.8,1522.3,1495.7
10/9/2019,1512.8,277242,1515.4,1516.5,1510.1
10/8/2019,1497.2,46,1489.4,1506.3,1489.3
10/7/2019,1504.4,252399,1497.2,1499.7,1493.3
10/4/2019,1506.2,233,1505.6,1508.7,1497.1
10/3/2019,1513.8,400130,1505.6,1525.8,1501.7
10/2/2019,1501,205,1476.6,1503.7,1474.1
10/1/2019,1489,440804,1478,1493.5,1465
9/30/2019,1472.9,424759,1501.7,1507.2,1470.5
9/27/2019,1506.4,436289,1511.8,1514.4,1493.3
9/26/2019,1515.2,367934,1510.9,1519.5,1507.1
9/25/2019,1512.3,462742,1539.8,1542.8,1507.4
9/24/2019,1532.1,25,1515.1,1533,1515.1
9/23/2019,1531.5,349589,1521.5,1534.4,1517.9
9/20/2019,1507.3,2,1503,1503,1503
9/19/2019,1506.2,281865,1502,1512.1,1496.3
9/18/2019,1515.8,352179,1509.7,1519.5,1490.7
9/17/2019,1513.4,329751,1506.5,1515,1500.9
9/16/2019,1503.1,21,1500,1500.6,1498.5
9/13/2019,1490.9,1,1486.9,1486.9,1486.9
9/12/2019,1507.4,480662,1504.9,1532.2,1496.8
9/11/2019,1503.2,296849,1493.9,1506.2,1492.9
9/10/2019,1499.2,390357,1507,1509.1,1492.1
9/9/2019,1511.1,312350,1516.4,1523.8,1505.5
9/6/2019,1506.2,54,1517.3,1526,1504.5
9/5/2019,1525.5,586738,1561.4,1561.9,1514.3
9/4/2019,1560.4,404779,1556,1566.2,1542.6
9/3/2019,1555.9,541575,1539.2,1558.9,1529.6
8/30/2019,1529.2,320657,1536.9,1541.9,1525.6
8/29/2019,1536.9,439428,1549.4,1559.8,1528.6
8/28/2019,1549.1,342556,1551.8,1556.6,1541.4
8/27/2019,1551.8,334873,1537.3,1554.5,1535.3
8/26/2019,1537.2,407500,1545.4,1565,1534.8
8/23/2019,1537.6,459203,1508.8,1540.3,1503
8/22/2019,1497.3,686,1495.1,1495.1,1493.8
8/21/2019,1515.7,238972,1518.4,1518.4,1506.5
8/20/2019,1515.7,240391,1506.3,1518.8,1503
8/19/2019,1511.6,289329,1523,1523.6,1503.3
8/16/2019,1523.6,314597,1533.9,1538.6,1513.9
8/15/2019,1531.2,428618,1526.6,1537.7,1518.3
8/14/2019,1527.8,474508,1513,1534.9,1504.5
8/13/2019,1514.1,598082,1522.3,1546.1,1488.9
8/12/2019,1517.2,338340,1509.2,1531.5,1498.6
8/9/2019,1508.5,325590,1515.9,1521.1,1506.2
8/8/2019,1509.5,385340,1512.1,1521.3,1501.6
8/7/2019,1507.3,824,1473.5,1509.9,1473.2
8/6/2019,1484.2,375937,1481.1,1486.8,1468.2
8/5/2019,1464.6,1008,1440.4,1469.7,1440.4
8/2/2019,1457.5,471109,1457.5,1461.9,1442.5
8/1/2019,1432.4,567523,1425.6,1458.2,1412.1
7/31/2019,1437.8,406886,1443.7,1447.8,1422.3
7/30/2019,1441.8,248318,1439.5,1445.7,1434.8
7/29/2019,1433.3,168447,1431.9,1440.8,1427.5
7/26/2019,1432.2,5,1422.8,1423,1422.8
7/25/2019,1427.5,112902,1439.3,1447,1423.9
7/24/2019,1436.5,65218,1431,1442.9,1429.4
7/23/2019,1421.7,380116,1426,1431.4,1414.6
7/22/2019,1426.9,247608,1428.5,1430.8,1423
7/19/2019,1426.7,509138,1448.3,1454.4,1421.1
7/18/2019,1428.1,467773,1428.5,1449.7,1415.6
7/17/2019,1421.3,6,1404.6,1404.6,1404.6
7/16/2019,1411.2,327180,1416.4,1420,1402.1
7/15/2019,1413.5,231266,1417.7,1421.6,1409.3
7/12/2019,1412.2,272092,1406.2,1418.9,1404.5
7/11/2019,1406.7,380765,1421.1,1429.4,1402.7
7/10/2019,1412.5,426438,1400,1421.1,1391.8
7/9/2019,1400.5,276008,1397.9,1402.4,1387.5
7/8/2019,1400,303906,1401,1409.9,1393.8
7/5/2019,1400.1,555564,1418.8,1426.8,1388.6
7/3/2019,1420.9,118832,1421.6,1424.4,1412.7
7/2/2019,1408,372203,1386.2,1424,1386.2
7/1/2019,1385.6,214,1386.6,1395.8,1382.8
6/28/2019,1409.7,297964,1413.3,1427.8,1408.6
6/27/2019,1412,324556,1412.7,1415.3,1401.4
6/26/2019,1411.6,84,1407.2,1413.3,1405.8
6/25/2019,1418.7,618309,1423.4,1442.9,1415.1
6/24/2019,1418.2,359931,1403.9,1425.1,1403.6
6/21/2019,1400.1,496645,1391.2,1415.4,1386.1
6/20/2019,1396.9,511767,1364.5,1397.7,1361.3
6/19/2019,1348.8,320720,1350.4,1366.6,1344.8
6/18/2019,1350.7,364839,1343.9,1358.5,1342.1
6/17/2019,1342.9,230833,1345.5,1347.1,1336.6
6/14/2019,1344.5,346086,1346.5,1362.2,1341.4
6/13/2019,1343.7,197876,1337.8,1347,1335.9
6/12/2019,1336.8,226929,1330.6,1342.3,1329.8
6/11/2019,1331.2,204179,1331.8,1333.8,1323.6
6/10/2019,1329.3,220533,1341.2,1341.7,1329
6/7/2019,1346.1,314048,1339.7,1352.7,1334.3
6/6/2019,1342.7,252464,1336.1,1344.2,1331.3
6/5/2019,1333.6,391880,1330.2,1348.9,1329.3
6/4/2019,1323.4,302,1324.3,1328.6,1320.8
6/3/2019,1327.9,347054,1312.5,1333,1310.9
5/31/2019,1311.1,322176,1293.2,1311.9,1292.5
5/30/2019,1287.1,55573,1279.4,1288.3,1273.9
5/29/2019,1286.3,194696,1284.3,1290.3,1283.8
5/28/2019,1282.5,207053,1290.5,1292.6,1280.8
5/24/2019,1289.2,23685,1289.2,1292.6,1288.9
5/23/2019,1291,71630,1278.5,1292.5,1277.5
5/22/2019,1274.2,186404,1274.4,1277.1,1272
5/21/2019,1273.2,204984,1277.7,1277.7,1269
5/20/2019,1277.3,206270,1277.6,1278.8,1273.3
5/17/2019,1275.7,255125,1287.2,1289,1274.6
5/16/2019,1286.2,256906,1297.7,1299.3,1284.2
5/15/2019,1297.8,241040,1298,1301.7,1293.6
5/14/2019,1296.3,215009,1300.8,1304.2,1294.3
5/13/2019,1301.8,362480,1288.3,1302.2,1282.4
5/10/2019,1287.4,227237,1285,1290.3,1283.9
5/9/2019,1285.2,296815,1281.9,1289.2,1280.4
5/8/2019,1281.4,288297,1285.6,1292.8,1280.2
5/7/2019,1285.6,241502,1282.4,1287.3,1279.1
5/6/2019,1283.8,240672,1281.8,1287.4,1278.1
5/3/2019,1281.3,269353,1271.6,1283.9,1269
5/2/2019,1272,273895,1278.5,1279.4,1267.3
5/1/2019,1284.2,269944,1285.2,1289.4,1274.5
4/30/2019,1282.8,114,1281.7,1283.3,1280.8
4/29/2019,1281.5,199297,1289,1289.1,1279.9
4/26/2019,1288.8,268033,1279.1,1290.9,1276
4/25/2019,1279.7,230543,1277.9,1284.8,1275.2
4/24/2019,1279.4,235966,1274.4,1280.7,1270.5
4/23/2019,1273.2,271377,1277,1278.5,1267.9
4/22/2019,1277.6,133327,1278,1281.9,1275.7
4/18/2019,1276,219695,1276.2,1279.7,1273
4/17/2019,1276.8,209965,1279.5,1282.1,1275.2
4/16/2019,1277.2,308866,1290.8,1291.7,1275.5
4/15/2019,1291.3,222209,1294,1295.2,1285.3
4/12/2019,1295.2,185177,1295.8,1299.1,1293.2
4/11/2019,1293.3,311101,1312.4,1313.1,1292.9
4/10/2019,1313.9,212949,1308.2,1314.7,1304.7
4/9/2019,1308.3,196670,1301.6,1310.4,1300.6
4/8/2019,1297.1,63,1292.2,1302.1,1291.8
4/5/2019,1295.6,227617,1296.5,1297.8,1288.3
4/4/2019,1294.3,250306,1294.4,1298.7,1284.9
4/3/2019,1295.3,186420,1296.9,1299,1292.7
4/2/2019,1295.4,190667,1292.2,1297.1,1289.5
4/1/2019,1294.2,229896,1297.2,1301.7,1291
3/29/2019,1298.5,260381,1295,1304.6,1291.3
3/28/2019,1295.3,407079,1315,1317.6,1293.3
3/27/2019,1316.9,197067,1321.7,1325.2,1313.7
3/26/2019,1321.4,119776,1328.3,1329.3,1318.5
3/25/2019,1329,83949,1319.7,1330.8,1317
3/22/2019,1318.7,78716,1315.4,1320.9,1312.8
3/21/2019,1313.6,59829,1318.6,1326.3,1309.1
3/20/2019,1300.5,2,1300.7,1300.7,1300.7
3/19/2019,1306.5,203029,1303.7,1310.8,1302.1
3/18/2019,1301.5,172561,1302,1306.7,1298
3/15/2019,1302.9,224685,1295.6,1306.3,1293.7
3/14/2019,1293.4,1,1293.4,1293.4,1293.4
3/13/2019,1309.3,204246,1301.8,1311.6,1300.6
3/12/2019,1296.3,1,1294.7,1294.7,1294.7
3/11/2019,1291.1,187305,1298.2,1299.2,1290.6
3/8/2019,1299.3,270805,1286.7,1301.3,1285.6
3/7/2019,1286.1,246103,1287.3,1289.6,1280.8
3/6/2019,1287.6,187195,1288.8,1291.8,1284.3
3/5/2019,1284.7,207640,1287.8,1290.6,1282
3/4/2019,1287.5,253631,1294.4,1298.1,1283.8
3/1/2019,1299.2,328780,1315.5,1316.5,1291.3
2/28/2019,1316.1,238804,1321.7,1328.9,1314
2/27/2019,1317.7,604,1327.7,1327.9,1316.5
2/26/2019,1328.5,179292,1329.9,1332.4,1325.5
2/25/2019,1329.5,176322,1331.9,1334.9,1327.3
2/22/2019,1332.8,236737,1325.8,1335.6,1323.8
2/21/2019,1327.8,277389,1341.7,1344.3,1323.3
2/20/2019,1347.9,235291,1343.9,1349.8,1339.8
2/19/2019,1344.8,334325,1329.2,1345,1323.8
2/15/2019,1322.1,91941,1325,1330.8,1323.8
2/14/2019,1313.9,219485,1309.6,1317.4,1304.7
2/13/2019,1310.8,143,1311.6,1316,1308.1
2/12/2019,1314,144119,1311.6,1318.3,1310
2/11/2019,1307,119,1313.4,1313.4,1304.7
2/8/2019,1318.5,131864,1314.3,1319.5,1311.5
2/7/2019,1314.2,159728,1310.9,1315.8,1306.4
2/6/2019,1314.4,133244,1319.4,1319.9,1309.6
2/5/2019,1319.2,122758,1316.8,1321,1314.8
2/4/2019,1319.3,147699,1322.6,1323.6,1312.7
2/1/2019,1322.1,192924,1326,1328.2,1320.6
1/31/2019,1325.2,215552,1325.4,1331.1,1322.2
1/30/2019,1315.5,262539,1317,1328.6,1313.5
1/29/2019,1315.2,171769,1308.5,1317.1,1307.8
1/28/2019,1309.3,122869,1308.5,1309.8,1302.7
1/25/2019,1304.2,87878,1286,1309.3,1284.8
1/24/2019,1285.9,68784,1288.3,1290,1281.5
1/23/2019,1290.2,60819,1290.8,1292.1,1284
1/22/2019,1283.4,307704,1279.1,1285,1276
1/18/2019,1282.6,100826,1280.7,1283,1276
1/17/2019,1292.3,188241,1293.9,1295,1288.3
1/16/2019,1293.8,173284,1289.6,1295.4,1287.6
1/15/2019,1288.4,229624,1292.4,1294.8,1286.5
1/14/2019,1289.1,7,1292.4,1293.9,1289.9
1/11/2019,1289.5,200393,1287.6,1295.7,1287
1/10/2019,1287.4,227942,1294.7,1298,1286.7
1/9/2019,1292,232491,1286.1,1295,1280.9
1/8/2019,1285.9,206439,1289.9,1291.4,1280.2
1/7/2019,1289.9,197176,1287,1297,1284.1
1/4/2019,1285.8,299076,1296.5,1300.4,1278.1
1/3/2019,1294.8,229532,1288.5,1296.9,1286.4
1/2/2019,1284.1,222578,1285,1291,1280.6
12/31/2018,1281.3,108913,1283,1286.5,1279.7
12/28/2018,1283,155354,1278,1284.7,1276.5
12/27/2018,1281.1,200717,1270.1,1281.6,1269.1
12/26/2018,1273,198175,1273.5,1282.3,1267.4
12/24/2018,1271.8,130455,1260.7,1273.9,1260
12/21/2018,1258.1,200024,1263.5,1266.2,1257.1
12/20/2018,1267.9,303814,1247,1270.3,1246.2
12/19/2018,1256.4,261331,1253.5,1262.2,1245.3
12/18/2018,1253.6,164361,1249.7,1254.5,1249
12/17/2018,1251.8,156508,1242.8,1252.2,1239.4
12/14/2018,1241.4,183625,1246.2,1247.3,1236.5
12/13/2018,1247.4,148496,1250.7,1251.7,1244.4
12/12/2018,1250,144462,1248.3,1252.6,1247.1
12/11/2018,1247.2,176025,1249.8,1255.1,1245.8
12/10/2018,1249.4,190957,1255.6,1256.6,1246.9
12/7/2018,1252.6,215414,1243.1,1255.8,1242.6
12/6/2018,1243.6,238860,1243,1249.9,1240
12/5/2018,1242.6,104283,1244.6,1244.8,1238.7
12/4/2018,1246.6,214514,1236.3,1247.5,1235.8
12/3/2018,1239.6,233816,1227.8,1240.4,1226.6
11/30/2018,1226,158763,1229.9,1231.1,1221.8
11/29/2018,1230.4,229628,1227.1,1234.9,1226.7
11/28/2018,1229.8,199518,1220.9,1233.8,1216.8
11/27/2018,1219.9,132694,1228.5,1231.7,1217.8
11/26/2018,1228.7,141646,1230.4,1234.5,1228
11/23/2018,1223.2,234908,1227.8,1229.7,1220.3
11/21/2018,1225.8,N/A,1225.8,1225.8,1225.8
11/20/2018,1221.2,245888,1224.6,1229.5,1220.3
11/19/2018,1225.3,189907,1222.6,1226.5,1218.5
11/16/2018,1223,237367,1214.4,1226,1213.7
11/15/2018,1215,234966,1211.8,1217,1207.1
11/14/2018,1210.1,268788,1202.8,1217.2,1198.1
11/13/2018,1199.2,5,1196.3,1201.3,1196.3
11/12/2018,1201.3,1,1201.6,1201.6,1201.6
11/9/2018,1208.6,306462,1224.3,1224.6,1207.2
11/8/2018,1225.1,229614,1227.7,1228.5,1220.8
11/7/2018,1228.7,252072,1228.9,1238.4,1224.2
11/6/2018,1226.3,188660,1233.4,1237.8,1224.9
11/5/2018,1232.3,157253,1234.5,1236.8,1228.4
11/2/2018,1233.3,249587,1235.3,1238.4,1231.3
11/1/2018,1238.6,293251,1216.6,1239.3,1216.1
10/31/2018,1215,231855,1224.7,1225,1213.4
10/30/2018,1225.3,218624,1231.9,1232.5,1221.4
10/29/2018,1227.6,225204,1236.4,1237.6,1226.1
10/26/2018,1235.8,304896,1234.7,1246,1232.5
10/25/2018,1232.4,252780,1236.6,1242,1230.5
10/24/2018,1231.1,204289,1233.8,1238,1228.3
10/23/2018,1236.8,276325,1225.1,1243,1224.5
10/22/2018,1224.6,180132,1230.5,1232.6,1222.8
10/19/2018,1228.7,188648,1228.6,1234.1,1226.2
10/18/2018,1230.1,239133,1225.5,1233.6,1221.7
10/17/2018,1227.4,228207,1228,1232.9,1223.7
10/16/2018,1231,233393,1230.5,1235.9,1226.3
10/15/2018,1226.4,136,1222.4,1232.3,1222.4
10/12/2018,1222,309392,1227.7,1228.1,1219.3
10/11/2018,1227.6,503085,1197.9,1230,1194.7
10/10/2018,1193.4,243118,1192.7,1198.6,1188.5
10/9/2018,1191.5,236941,1192.2,1195.8,1186.6
10/8/2018,1184.4,250,1201,1201,1183.7
10/5/2018,1205.6,250219,1203.7,1209.8,1200.9
10/4/2018,1201.6,280314,1201.4,1210.7,1199.6
10/3/2018,1202.9,246832,1207,1212.3,1200.4
10/2/2018,1207,350240,1192.7,1212.3,1192.2
10/1/2018,1191.7,213617,1196.1,1196.5,1188.1
9/28/2018,1196.2,300928,1186.8,1198,1184.3
9/27/2018,1182.3,4947,1194.6,1197.3,1180.5
9/26/2018,1199.1,330481,1205.5,1206.9,1194.6
9/25/2018,1205.1,192109,1203.1,1207.9,1201.3
9/24/2018,1204.4,207122,1204,1208.8,1198.6
9/21/2018,1201.3,333369,1212.1,1215.8,1196
9/20/2018,1211.3,232693,1208.8,1213.2,1205.1
9/19/2018,1202.2,N/A,1202.2,1202.2,1202.2
9/18/2018,1202.9,223080,1206.4,1208.2,1200.3
9/17/2018,1205.8,205761,1199.8,1209.7,1197.5
9/14/2018,1201.1,276004,1206.6,1213.8,1197.7
9/13/2018,1208.2,295658,1212.4,1218,1205
9/12/2018,1210.9,292275,1203.5,1213.9,1197.6
9/11/2018,1202.2,253326,1200.4,1204.8,1192.7
9/10/2018,1199.8,207244,1200.7,1203.8,1196.2
9/7/2018,1200.4,272324,1205.6,1209,1198.7
9/6/2018,1204.3,278851,1202.5,1212.7,1200.5
9/5/2018,1201.3,203575,1197.2,1204.2,1196.4
9/4/2018,1199.1,402704,1207,1209.7,1195.1
8/31/2018,1206.7,117750,1206.3,1209.7,1201.2
8/30/2018,1205,276369,1212.6,1214,1202.1
8/29/2018,1211.5,235721,1206.6,1213.7,1206.6
8/28/2018,1207.4,136,1209.7,1217,1202.3
8/27/2018,1216,205140,1214.5,1218.8,1209.3
8/24/2018,1213.3,286519,1191.6,1215.4,1189.5
8/23/2018,1194,226193,1202.8,1203.4,1190.2
8/22/2018,1203.3,227367,1203,1208.4,1199.2
8/21/2018,1200,211149,1197.3,1204.3,1194.3
8/20/2018,1194.6,199964,1190.4,1197.7,1189.6
8/17/2018,1184.2,246695,1180.7,1192,1178.5
8/16/2018,1184,353666,1183,1189,1167.1
8/15/2018,1185,364039,1201.5,1202,1180
8/14/2018,1193,92,1193.1,1197.5,1192.8
8/13/2018,1198.9,363069,1218.4,1221.4,1198.6
8/10/2018,1219,317657,1220,1224.9,1213.1
8/9/2018,1219.9,225166,1222,1225.6,1218.4
8/8/2018,1221,255706,1218.7,1223.8,1213.6
8/7/2018,1218.3,199691,1215.8,1224.3,1215.6
8/6/2018,1208.6,297,1214.4,1214.4,1206.6
8/3/2018,1223.2,272386,1216,1228.5,1212.5
8/2/2018,1210.6,411,1214.7,1219.3,1205.8
8/1/2018,1227.6,210076,1232.7,1233.7,1224.4
7/31/2018,1233.6,287649,1230.5,1237.8,1222.6
7/30/2018,1231.5,178604,1231.1,1234.1,1227.8
7/27/2018,1232.7,150903,1231.4,1236.5,1226.3
7/26/2018,1235.3,99096,1240.8,1244.6,1231.3
7/25/2018,1241,55539,1233.3,1243.4,1232.5
7/24/2018,1234.6,64451,1233.4,1238.6,1227
7/23/2018,1234.4,75122,1240.7,1244.7,1231.1
7/20/2018,1231.1,342215,1222.9,1232.4,1215.3
7/19/2018,1224,414022,1227.3,1229.6,1210.7
7/18/2018,1227.9,272126,1227,1229.1,1220.9
7/17/2018,1227.3,304251,1240.8,1245.1,1225.9
7/16/2018,1239.7,178908,1241,1245.8,1238.3
7/13/2018,1241.2,248662,1247.7,1248.5,1236.2
7/12/2018,1246.6,216104,1242.3,1248.8,1241.4
7/11/2018,1244.4,293555,1256.7,1257.3,1241.7
7/10/2018,1255.4,266748,1258.5,1261,1247.7
7/9/2018,1259.6,231724,1255.7,1266.9,1255.7
7/6/2018,1255.8,195750,1258.4,1260.2,1253.7
7/5/2018,1258.8,372468,1257.7,1262.4,1252.2
7/3/2018,1253.5,145678,1253.5,1262.4,1238.8
7/2/2018,1241.7,251533,1253.4,1255.6,1240.6
6/29/2018,1254.5,221077,1249.5,1257.1,1246.9
6/28/2018,1251,234981,1253.6,1255.8,1247.2
6/27/2018,1256.1,250008,1260.5,1261.9,1252.2
6/26/2018,1259.9,243918,1267.3,1269.4,1256.4
6/25/2018,1268.9,191258,1272.2,1274.4,1265.5
6/22/2018,1270.7,177199,1268.6,1273.1,1268.4
6/21/2018,1270.5,268481,1269.7,1272.3,1262.4
6/20/2018,1274.5,223323,1277.3,1278.6,1269.6
6/19/2018,1278.6,272942,1280.7,1286.8,1272.6
6/18/2018,1280.1,180772,1281.1,1284.9,1279.5
6/15/2018,1278.5,495364,1305.9,1306.7,1277.9
6/14/2018,1308.3,332112,1303.1,1313,1301
6/13/2018,1301.3,254837,1299.6,1305.2,1294.5
6/12/2018,1299.4,227402,1304.5,1304.8,1296.3
6/11/2018,1303.2,206333,1303.5,1307,1297.8
6/8/2018,1302.7,211335,1301.3,1304.8,1296
6/7/2018,1303,239302,1300.9,1307.8,1299
6/6/2018,1301.4,239391,1300.6,1306.1,1297.7
6/5/2018,1302.2,257770,1296.4,1304.8,1293.5
6/4/2018,1297.3,209443,1296.7,1302.3,1293.8
6/1/2018,1299.3,308394,1303,1304.8,1293.1
5/31/2018,1304.7,293132,1306,1311.5,1301
5/30/2018,1306.5,320122,1303.1,1308.8,1300
5/29/2018,1304.1,348290,1302.2,1311.3,1296.6
5/25/2018,1309,61195,1305.7,1309,1299.9
5/24/2018,1309.8,99686,1298,1311.8,1297.4
5/23/2018,1294.8,61616,1295.9,1303.8,1292
5/22/2018,1297.4,42154,1298.2,1301.3,1292.8
5/21/2018,1290.9,313755,1290.3,1292.7,1281.2
5/18/2018,1291.3,254923,1290,1293.7,1285.1
5/17/2018,1289.4,289678,1290.2,1294,1284
5/16/2018,1291.5,321197,1290.1,1296.4,1285.7
5/15/2018,1290.3,461831,1313.2,1314.7,1288.2
5/14/2018,1318.2,235892,1318.3,1322.4,1312.8
5/11/2018,1320.7,259923,1321.8,1326.3,1317
5/10/2018,1322.3,362491,1312.8,1323.4,1310.6
5/9/2018,1313,372491,1315.3,1317.8,1304.2
5/8/2018,1313.7,398268,1314.1,1318.5,1306.2
5/7/2018,1314.1,230426,1316.3,1320.1,1310.6
5/4/2018,1314.7,299809,1312.8,1316.9,1308.5
5/3/2018,1312.7,297240,1305.5,1319,1305.2
5/2/2018,1305.6,350840,1304.4,1314.9,1304.3
5/1/2018,1306.8,267336,1316,1317.4,1302.3
4/30/2018,1319.2,287438,1324,1325.9,1310.7
4/27/2018,1323.4,232724,1318,1326.4,1315.8
4/26/2018,1317.9,285847,1324.2,1328,1316.2
4/25/2018,1322.8,256659,1332,1333.8,1320.2
4/24/2018,1333,267707,1326.1,1334.5,1323.6
4/23/2018,1324,276592,1336.2,1337.6,1323.8
4/20/2018,1338.3,269829,1348.5,1348.9,1337
4/19/2018,1348.8,325544,1352.4,1357.7,1343.2
4/18/2018,1353.5,298749,1350.4,1359,1345
4/17/2018,1349.5,267744,1349.1,1352.2,1340.2
4/16/2018,1350.7,258382,1349.8,1353.5,1342.8
4/13/2018,1347.9,253937,1337.6,1350.3,1335.5
4/12/2018,1341.9,374672,1356.3,1356.7,1336.7
4/11/2018,1360,467541,1343.1,1369.4,1342.5
4/10/2018,1345.9,278138,1339.8,1346.2,1334.2
4/9/2018,1340.1,222038,1338,1341.5,1330.1
4/6/2018,1336.1,361181,1329.7,1339.1,1322.6
4/5/2018,1328.5,266243,1337.1,1338.7,1326
4/4/2018,1340.2,334886,1336.7,1352.5,1335.2
4/3/2018,1337.3,276654,1345,1346.6,1332.7
4/2/2018,1352.9,4979,1336.3,1355.1,1335.1
3/29/2018,1327.3,235348,1329.3,1332.6,1325.4
3/28/2018,1330,358319,1351.1,1352.2,1327.7
3/27/2018,1347.9,24159,1351.1,1352.2,1347.9
3/26/2018,1360.9,187073,1350.6,1361.8,1349.2
3/23/2018,1355.7,124800,1335.5,1356.3,1334.7
3/22/2018,1333.2,70121,1338,1340.8,1330.3
3/21/2018,1321.5,451237,1310.6,1336.9,1309.5
3/20/2018,1311.9,281146,1316.5,1318.1,1306.6
3/19/2018,1317.8,283944,1312.9,1319.6,1307.4
3/16/2018,1312.3,277568,1316.8,1321.8,1309.5
3/15/2018,1317.8,241746,1324.7,1328.1,1314.9
3/14/2018,1325.6,247027,1326.7,1330.5,1321.7
3/13/2018,1327.1,321790,1323.3,1328.8,1313.8
3/12/2018,1320.8,214392,1324.1,1325,1315.3
3/9/2018,1324,336571,1322.7,1325.9,1313.2
3/8/2018,1321.7,241811,1326.2,1329.8,1319.6
3/7/2018,1327.6,297281,1339.5,1342,1323
3/6/2018,1335.2,269691,1321,1339.9,1320.8
3/5/2018,1319.9,215468,1324.9,1328.9,1318.3
3/2/2018,1323.4,256112,1318,1326.6,1316.2
3/1/2018,1305.2,395651,1319.3,1322.3,1303.6
2/28/2018,1317.9,251263,1318.9,1323.7,1316.7
2/27/2018,1315.5,710,1331.7,1332.6,1312.7
2/26/2018,1332.8,237905,1330.4,1342.9,1328
2/23/2018,1330.3,165052,1333.7,1334.2,1327.7
